RT Treatment Days,RT Dose (Gy),anti-PD-1 Treatment Days,anti-PD-1 Dose (mg),anti-CTLA-4 Treatment Days,anti-CTLA-4 Dose (mg),Mean Treatment Time From Starting Tumour Size,Mean Treatment Time After Treatment Started,SD Treatment Time,TCP,List of Treatment Times
[30],[15.99961188],[18],0.4,[22],0.2,30.0,0.0,0.0,0.074,"[30. 30. 30. 30. 30. 30. 30. 30. 30. 30. 30. 30. 30. 30. 30. 30. 30. 30.
 30. 30. 30. 30. 30. 30. 30. 30. 30. 30. 30. 30. 30. 30. 30. 30. 30. 30.
 30.]"
[30],[15.99961188],[18],0.4,[23],0.2,30.0,0.0,0.0,0.072,"[30. 30. 30. 30. 30. 30. 30. 30. 30. 30. 30. 30. 30. 30. 30. 30. 30. 30.
 30. 30. 30. 30. 30. 30. 30. 30. 30. 30. 30. 30. 30. 30. 30. 30. 30. 30.]"
[30],[15.99961188],[18],0.4,[24],0.2,30.0,0.0,0.0,0.092,"[30. 30. 30. 30. 30. 30. 30. 30. 30. 30. 30. 30. 30. 30. 30. 30. 30. 30.
 30. 30. 30. 30. 30. 30. 30. 30. 30. 30. 30. 30. 30. 30. 30. 30. 30. 30.
 30. 30. 30. 30. 30. 30. 30. 30. 30. 30.]"
[30],[15.99961188],[18],0.4,[25],0.2,30.0,0.0,0.0,0.054,"[30. 30. 30. 30. 30. 30. 30. 30. 30. 30. 30. 30. 30. 30. 30. 30. 30. 30.
 30. 30. 30. 30. 30. 30. 30. 30. 30.]"
[30],[15.99961188],[18],0.4,[26],0.2,30.0,0.0,0.0,0.078,"[30. 30. 30. 30. 30. 30. 30. 30. 30. 30. 30. 30. 30. 30. 30. 30. 30. 30.
 30. 30. 30. 30. 30. 30. 30. 30. 30. 30. 30. 30. 30. 30. 30. 30. 30. 30.
 30. 30. 30.]"
[30],[15.99961188],[18],0.4,[27],0.2,30.0,0.0,0.0,0.088,"[30. 30. 30. 30. 30. 30. 30. 30. 30. 30. 30. 30. 30. 30. 30. 30. 30. 30.
 30. 30. 30. 30. 30. 30. 30. 30. 30. 30. 30. 30. 30. 30. 30. 30. 30. 30.
 30. 30. 30. 30. 30. 30. 30. 30.]"
[30],[15.99961188],[18],0.4,[28],0.2,30.0,0.0,0.0,0.066,"[30. 30. 30. 30. 30. 30. 30. 30. 30. 30. 30. 30. 30. 30. 30. 30. 30. 30.
 30. 30. 30. 30. 30. 30. 30. 30. 30. 30. 30. 30. 30. 30. 30.]"
[30],[15.99961188],[18],0.4,[29],0.2,30.0,0.0,0.0,0.09,"[30. 30. 30. 30. 30. 30. 30. 30. 30. 30. 30. 30. 30. 30. 30. 30. 30. 30.
 30. 30. 30. 30. 30. 30. 30. 30. 30. 30. 30. 30. 30. 30. 30. 30. 30. 30.
 30. 30. 30. 30. 30. 30. 30. 30. 30.]"
[30],[15.99961188],[18],0.4,[30],0.2,30.0,0.0,0.0,0.072,"[30. 30. 30. 30. 30. 30. 30. 30. 30. 30. 30. 30. 30. 30. 30. 30. 30. 30.
 30. 30. 30. 30. 30. 30. 30. 30. 30. 30. 30. 30. 30. 30. 30. 30. 30. 30.]"
[30],[15.99961188],[19],0.4,[10],0.2,30.0,0.0,0.0,0.064,"[30. 30. 30. 30. 30. 30. 30. 30. 30. 30. 30. 30. 30. 30. 30. 30. 30. 30.
 30. 30. 30. 30. 30. 30. 30. 30. 30. 30. 30. 30. 30. 30.]"
[30],[15.99961188],[19],0.4,[11],0.2,30.0,0.0,0.0,0.068,"[30. 30. 30. 30. 30. 30. 30. 30. 30. 30. 30. 30. 30. 30. 30. 30. 30. 30.
 30. 30. 30. 30. 30. 30. 30. 30. 30. 30. 30. 30. 30. 30. 30. 30.]"
[30],[15.99961188],[19],0.4,[12],0.2,30.0,0.0,0.0,0.064,"[30. 30. 30. 30. 30. 30. 30. 30. 30. 30. 30. 30. 30. 30. 30. 30. 30. 30.
 30. 30. 30. 30. 30. 30. 30. 30. 30. 30. 30. 30. 30. 30.]"
[30],[15.99961188],[19],0.4,[13],0.2,30.0,0.0,0.0,0.072,"[30. 30. 30. 30. 30. 30. 30. 30. 30. 30. 30. 30. 30. 30. 30. 30. 30. 30.
 30. 30. 30. 30. 30. 30. 30. 30. 30. 30. 30. 30. 30. 30. 30. 30. 30. 30.]"
[30],[15.99961188],[19],0.4,[14],0.2,30.0,0.0,0.0,0.074,"[30. 30. 30. 30. 30. 30. 30. 30. 30. 30. 30. 30. 30. 30. 30. 30. 30. 30.
 30. 30. 30. 30. 30. 30. 30. 30. 30. 30. 30. 30. 30. 30. 30. 30. 30. 30.
 30.]"
[30],[15.99961188],[19],0.4,[15],0.2,30.0,0.0,0.0,0.086,"[30. 30. 30. 30. 30. 30. 30. 30. 30. 30. 30. 30. 30. 30. 30. 30. 30. 30.
 30. 30. 30. 30. 30. 30. 30. 30. 30. 30. 30. 30. 30. 30. 30. 30. 30. 30.
 30. 30. 30. 30. 30. 30. 30.]"
[30],[15.99961188],[19],0.4,[16],0.2,30.0,0.0,0.0,0.094,"[30. 30. 30. 30. 30. 30. 30. 30. 30. 30. 30. 30. 30. 30. 30. 30. 30. 30.
 30. 30. 30. 30. 30. 30. 30. 30. 30. 30. 30. 30. 30. 30. 30. 30. 30. 30.
 30. 30. 30. 30. 30. 30. 30. 30. 30. 30. 30.]"
[30],[15.99961188],[19],0.4,[17],0.2,30.0,0.0,0.0,0.072,"[30. 30. 30. 30. 30. 30. 30. 30. 30. 30. 30. 30. 30. 30. 30. 30. 30. 30.
 30. 30. 30. 30. 30. 30. 30. 30. 30. 30. 30. 30. 30. 30. 30. 30. 30. 30.]"
[30],[15.99961188],[19],0.4,[18],0.2,30.0,0.0,0.0,0.082,"[30. 30. 30. 30. 30. 30. 30. 30. 30. 30. 30. 30. 30. 30. 30. 30. 30. 30.
 30. 30. 30. 30. 30. 30. 30. 30. 30. 30. 30. 30. 30. 30. 30. 30. 30. 30.
 30. 30. 30. 30. 30.]"
[30],[15.99961188],[19],0.4,[19],0.2,30.0,0.0,0.0,0.088,"[30. 30. 30. 30. 30. 30. 30. 30. 30. 30. 30. 30. 30. 30. 30. 30. 30. 30.
 30. 30. 30. 30. 30. 30. 30. 30. 30. 30. 30. 30. 30. 30. 30. 30. 30. 30.
 30. 30. 30. 30. 30. 30. 30. 30.]"
[30],[15.99961188],[19],0.4,[20],0.2,30.0,0.0,0.0,0.068,"[30. 30. 30. 30. 30. 30. 30. 30. 30. 30. 30. 30. 30. 30. 30. 30. 30. 30.
 30. 30. 30. 30. 30. 30. 30. 30. 30. 30. 30. 30. 30. 30. 30. 30.]"
[30],[15.99961188],[19],0.4,[21],0.2,30.0,0.0,0.0,0.054,"[30. 30. 30. 30. 30. 30. 30. 30. 30. 30. 30. 30. 30. 30. 30. 30. 30. 30.
 30. 30. 30. 30. 30. 30. 30. 30. 30.]"
[30],[15.99961188],[19],0.4,[22],0.2,30.0,0.0,0.0,0.044,"[30. 30. 30. 30. 30. 30. 30. 30. 30. 30. 30. 30. 30. 30. 30. 30. 30. 30.
 30. 30. 30. 30.]"
[30],[15.99961188],[19],0.4,[23],0.2,30.0,0.0,0.0,0.062,"[30. 30. 30. 30. 30. 30. 30. 30. 30. 30. 30. 30. 30. 30. 30. 30. 30. 30.
 30. 30. 30. 30. 30. 30. 30. 30. 30. 30. 30. 30. 30.]"
[30],[15.99961188],[19],0.4,[24],0.2,30.0,0.0,0.0,0.078,"[30. 30. 30. 30. 30. 30. 30. 30. 30. 30. 30. 30. 30. 30. 30. 30. 30. 30.
 30. 30. 30. 30. 30. 30. 30. 30. 30. 30. 30. 30. 30. 30. 30. 30. 30. 30.
 30. 30. 30.]"
[30],[15.99961188],[19],0.4,[25],0.2,30.0,0.0,0.0,0.066,"[30. 30. 30. 30. 30. 30. 30. 30. 30. 30. 30. 30. 30. 30. 30. 30. 30. 30.
 30. 30. 30. 30. 30. 30. 30. 30. 30. 30. 30. 30. 30. 30. 30.]"
[30],[15.99961188],[19],0.4,[26],0.2,30.0,0.0,0.0,0.08,"[30. 30. 30. 30. 30. 30. 30. 30. 30. 30. 30. 30. 30. 30. 30. 30. 30. 30.
 30. 30. 30. 30. 30. 30. 30. 30. 30. 30. 30. 30. 30. 30. 30. 30. 30. 30.
 30. 30. 30. 30.]"
[30],[15.99961188],[19],0.4,[27],0.2,30.0,0.0,0.0,0.058,"[30. 30. 30. 30. 30. 30. 30. 30. 30. 30. 30. 30. 30. 30. 30. 30. 30. 30.
 30. 30. 30. 30. 30. 30. 30. 30. 30. 30. 30.]"
[30],[15.99961188],[19],0.4,[28],0.2,30.0,0.0,0.0,0.078,"[30. 30. 30. 30. 30. 30. 30. 30. 30. 30. 30. 30. 30. 30. 30. 30. 30. 30.
 30. 30. 30. 30. 30. 30. 30. 30. 30. 30. 30. 30. 30. 30. 30. 30. 30. 30.
 30. 30. 30.]"
[30],[15.99961188],[19],0.4,[29],0.2,30.0,0.0,0.0,0.058,"[30. 30. 30. 30. 30. 30. 30. 30. 30. 30. 30. 30. 30. 30. 30. 30. 30. 30.
 30. 30. 30. 30. 30. 30. 30. 30. 30. 30. 30.]"
[30],[15.99961188],[19],0.4,[30],0.2,30.0,0.0,0.0,0.078,"[30. 30. 30. 30. 30. 30. 30. 30. 30. 30. 30. 30. 30. 30. 30. 30. 30. 30.
 30. 30. 30. 30. 30. 30. 30. 30. 30. 30. 30. 30. 30. 30. 30. 30. 30. 30.
 30. 30. 30.]"
[30],[15.99961188],[20],0.4,[10],0.2,30.0,0.0,0.0,0.08,"[30. 30. 30. 30. 30. 30. 30. 30. 30. 30. 30. 30. 30. 30. 30. 30. 30. 30.
 30. 30. 30. 30. 30. 30. 30. 30. 30. 30. 30. 30. 30. 30. 30. 30. 30. 30.
 30. 30. 30. 30.]"
[30],[15.99961188],[20],0.4,[11],0.2,30.0,0.0,0.0,0.074,"[30. 30. 30. 30. 30. 30. 30. 30. 30. 30. 30. 30. 30. 30. 30. 30. 30. 30.
 30. 30. 30. 30. 30. 30. 30. 30. 30. 30. 30. 30. 30. 30. 30. 30. 30. 30.
 30.]"
[30],[15.99961188],[20],0.4,[12],0.2,30.0,0.0,0.0,0.076,"[30. 30. 30. 30. 30. 30. 30. 30. 30. 30. 30. 30. 30. 30. 30. 30. 30. 30.
 30. 30. 30. 30. 30. 30. 30. 30. 30. 30. 30. 30. 30. 30. 30. 30. 30. 30.
 30. 30.]"
[30],[15.99961188],[20],0.4,[13],0.2,30.0,0.0,0.0,0.092,"[30. 30. 30. 30. 30. 30. 30. 30. 30. 30. 30. 30. 30. 30. 30. 30. 30. 30.
 30. 30. 30. 30. 30. 30. 30. 30. 30. 30. 30. 30. 30. 30. 30. 30. 30. 30.
 30. 30. 30. 30. 30. 30. 30. 30. 30. 30.]"
[30],[15.99961188],[20],0.4,[14],0.2,30.0,0.0,0.0,0.072,"[30. 30. 30. 30. 30. 30. 30. 30. 30. 30. 30. 30. 30. 30. 30. 30. 30. 30.
 30. 30. 30. 30. 30. 30. 30. 30. 30. 30. 30. 30. 30. 30. 30. 30. 30. 30.]"
[30],[15.99961188],[20],0.4,[15],0.2,30.0,0.0,0.0,0.07,"[30. 30. 30. 30. 30. 30. 30. 30. 30. 30. 30. 30. 30. 30. 30. 30. 30. 30.
 30. 30. 30. 30. 30. 30. 30. 30. 30. 30. 30. 30. 30. 30. 30. 30. 30.]"
[30],[15.99961188],[20],0.4,[16],0.2,30.0,0.0,0.0,0.094,"[30. 30. 30. 30. 30. 30. 30. 30. 30. 30. 30. 30. 30. 30. 30. 30. 30. 30.
 30. 30. 30. 30. 30. 30. 30. 30. 30. 30. 30. 30. 30. 30. 30. 30. 30. 30.
 30. 30. 30. 30. 30. 30. 30. 30. 30. 30. 30.]"
[30],[15.99961188],[20],0.4,[17],0.2,30.0,0.0,0.0,0.054,"[30. 30. 30. 30. 30. 30. 30. 30. 30. 30. 30. 30. 30. 30. 30. 30. 30. 30.
 30. 30. 30. 30. 30. 30. 30. 30. 30.]"
[30],[15.99961188],[20],0.4,[18],0.2,30.0,0.0,0.0,0.098,"[30. 30. 30. 30. 30. 30. 30. 30. 30. 30. 30. 30. 30. 30. 30. 30. 30. 30.
 30. 30. 30. 30. 30. 30. 30. 30. 30. 30. 30. 30. 30. 30. 30. 30. 30. 30.
 30. 30. 30. 30. 30. 30. 30. 30. 30. 30. 30. 30. 30.]"
[30],[15.99961188],[20],0.4,[19],0.2,30.0,0.0,0.0,0.074,"[30. 30. 30. 30. 30. 30. 30. 30. 30. 30. 30. 30. 30. 30. 30. 30. 30. 30.
 30. 30. 30. 30. 30. 30. 30. 30. 30. 30. 30. 30. 30. 30. 30. 30. 30. 30.
 30.]"
[30],[15.99961188],[20],0.4,[20],0.2,30.0,0.0,0.0,0.09,"[30. 30. 30. 30. 30. 30. 30. 30. 30. 30. 30. 30. 30. 30. 30. 30. 30. 30.
 30. 30. 30. 30. 30. 30. 30. 30. 30. 30. 30. 30. 30. 30. 30. 30. 30. 30.
 30. 30. 30. 30. 30. 30. 30. 30. 30.]"
[30],[15.99961188],[20],0.4,[21],0.2,30.0,0.0,0.0,0.08,"[30. 30. 30. 30. 30. 30. 30. 30. 30. 30. 30. 30. 30. 30. 30. 30. 30. 30.
 30. 30. 30. 30. 30. 30. 30. 30. 30. 30. 30. 30. 30. 30. 30. 30. 30. 30.
 30. 30. 30. 30.]"
[30],[15.99961188],[20],0.4,[22],0.2,30.0,0.0,0.0,0.09,"[30. 30. 30. 30. 30. 30. 30. 30. 30. 30. 30. 30. 30. 30. 30. 30. 30. 30.
 30. 30. 30. 30. 30. 30. 30. 30. 30. 30. 30. 30. 30. 30. 30. 30. 30. 30.
 30. 30. 30. 30. 30. 30. 30. 30. 30.]"
[30],[15.99961188],[20],0.4,[23],0.2,30.0,0.0,0.0,0.082,"[30. 30. 30. 30. 30. 30. 30. 30. 30. 30. 30. 30. 30. 30. 30. 30. 30. 30.
 30. 30. 30. 30. 30. 30. 30. 30. 30. 30. 30. 30. 30. 30. 30. 30. 30. 30.
 30. 30. 30. 30. 30.]"
[30],[15.99961188],[20],0.4,[24],0.2,30.0,0.0,0.0,0.082,"[30. 30. 30. 30. 30. 30. 30. 30. 30. 30. 30. 30. 30. 30. 30. 30. 30. 30.
 30. 30. 30. 30. 30. 30. 30. 30. 30. 30. 30. 30. 30. 30. 30. 30. 30. 30.
 30. 30. 30. 30. 30.]"
[30],[15.99961188],[20],0.4,[25],0.2,30.0,0.0,0.0,0.062,"[30. 30. 30. 30. 30. 30. 30. 30. 30. 30. 30. 30. 30. 30. 30. 30. 30. 30.
 30. 30. 30. 30. 30. 30. 30. 30. 30. 30. 30. 30. 30.]"
[30],[15.99961188],[20],0.4,[26],0.2,30.0,0.0,0.0,0.08,"[30. 30. 30. 30. 30. 30. 30. 30. 30. 30. 30. 30. 30. 30. 30. 30. 30. 30.
 30. 30. 30. 30. 30. 30. 30. 30. 30. 30. 30. 30. 30. 30. 30. 30. 30. 30.
 30. 30. 30. 30.]"
[30],[15.99961188],[20],0.4,[27],0.2,30.0,0.0,0.0,0.062,"[30. 30. 30. 30. 30. 30. 30. 30. 30. 30. 30. 30. 30. 30. 30. 30. 30. 30.
 30. 30. 30. 30. 30. 30. 30. 30. 30. 30. 30. 30. 30.]"
[30],[15.99961188],[20],0.4,[28],0.2,30.0,0.0,0.0,0.082,"[30. 30. 30. 30. 30. 30. 30. 30. 30. 30. 30. 30. 30. 30. 30. 30. 30. 30.
 30. 30. 30. 30. 30. 30. 30. 30. 30. 30. 30. 30. 30. 30. 30. 30. 30. 30.
 30. 30. 30. 30. 30.]"
[30],[15.99961188],[20],0.4,[29],0.2,30.0,0.0,0.0,0.078,"[30. 30. 30. 30. 30. 30. 30. 30. 30. 30. 30. 30. 30. 30. 30. 30. 30. 30.
 30. 30. 30. 30. 30. 30. 30. 30. 30. 30. 30. 30. 30. 30. 30. 30. 30. 30.
 30. 30. 30.]"
[30],[15.99961188],[20],0.4,[30],0.2,30.0,0.0,0.0,0.06,"[30. 30. 30. 30. 30. 30. 30. 30. 30. 30. 30. 30. 30. 30. 30. 30. 30. 30.
 30. 30. 30. 30. 30. 30. 30. 30. 30. 30. 30. 30.]"
[30],[15.99961188],[21],0.4,[10],0.2,30.0,0.0,0.0,0.07,"[30. 30. 30. 30. 30. 30. 30. 30. 30. 30. 30. 30. 30. 30. 30. 30. 30. 30.
 30. 30. 30. 30. 30. 30. 30. 30. 30. 30. 30. 30. 30. 30. 30. 30. 30.]"
[30],[15.99961188],[21],0.4,[11],0.2,30.0,0.0,0.0,0.072,"[30. 30. 30. 30. 30. 30. 30. 30. 30. 30. 30. 30. 30. 30. 30. 30. 30. 30.
 30. 30. 30. 30. 30. 30. 30. 30. 30. 30. 30. 30. 30. 30. 30. 30. 30. 30.]"
[30],[15.99961188],[21],0.4,[12],0.2,30.0,0.0,0.0,0.074,"[30. 30. 30. 30. 30. 30. 30. 30. 30. 30. 30. 30. 30. 30. 30. 30. 30. 30.
 30. 30. 30. 30. 30. 30. 30. 30. 30. 30. 30. 30. 30. 30. 30. 30. 30. 30.
 30.]"
[30],[15.99961188],[21],0.4,[13],0.2,30.0,0.0,0.0,0.054,"[30. 30. 30. 30. 30. 30. 30. 30. 30. 30. 30. 30. 30. 30. 30. 30. 30. 30.
 30. 30. 30. 30. 30. 30. 30. 30. 30.]"
[30],[15.99961188],[21],0.4,[14],0.2,30.0,0.0,0.0,0.074,"[30. 30. 30. 30. 30. 30. 30. 30. 30. 30. 30. 30. 30. 30. 30. 30. 30. 30.
 30. 30. 30. 30. 30. 30. 30. 30. 30. 30. 30. 30. 30. 30. 30. 30. 30. 30.
 30.]"
[30],[15.99961188],[21],0.4,[15],0.2,30.0,0.0,0.0,0.066,"[30. 30. 30. 30. 30. 30. 30. 30. 30. 30. 30. 30. 30. 30. 30. 30. 30. 30.
 30. 30. 30. 30. 30. 30. 30. 30. 30. 30. 30. 30. 30. 30. 30.]"
[30],[15.99961188],[21],0.4,[16],0.2,30.0,0.0,0.0,0.07,"[30. 30. 30. 30. 30. 30. 30. 30. 30. 30. 30. 30. 30. 30. 30. 30. 30. 30.
 30. 30. 30. 30. 30. 30. 30. 30. 30. 30. 30. 30. 30. 30. 30. 30. 30.]"
[30],[15.99961188],[21],0.4,[17],0.2,30.0,0.0,0.0,0.06,"[30. 30. 30. 30. 30. 30. 30. 30. 30. 30. 30. 30. 30. 30. 30. 30. 30. 30.
 30. 30. 30. 30. 30. 30. 30. 30. 30. 30. 30. 30.]"
[30],[15.99961188],[21],0.4,[18],0.2,30.0,0.0,0.0,0.086,"[30. 30. 30. 30. 30. 30. 30. 30. 30. 30. 30. 30. 30. 30. 30. 30. 30. 30.
 30. 30. 30. 30. 30. 30. 30. 30. 30. 30. 30. 30. 30. 30. 30. 30. 30. 30.
 30. 30. 30. 30. 30. 30. 30.]"
[30],[15.99961188],[21],0.4,[19],0.2,30.0,0.0,0.0,0.082,"[30. 30. 30. 30. 30. 30. 30. 30. 30. 30. 30. 30. 30. 30. 30. 30. 30. 30.
 30. 30. 30. 30. 30. 30. 30. 30. 30. 30. 30. 30. 30. 30. 30. 30. 30. 30.
 30. 30. 30. 30. 30.]"
[30],[15.99961188],[21],0.4,[20],0.2,30.0,0.0,0.0,0.078,"[30. 30. 30. 30. 30. 30. 30. 30. 30. 30. 30. 30. 30. 30. 30. 30. 30. 30.
 30. 30. 30. 30. 30. 30. 30. 30. 30. 30. 30. 30. 30. 30. 30. 30. 30. 30.
 30. 30. 30.]"
[30],[15.99961188],[21],0.4,[21],0.2,30.0,0.0,0.0,0.082,"[30. 30. 30. 30. 30. 30. 30. 30. 30. 30. 30. 30. 30. 30. 30. 30. 30. 30.
 30. 30. 30. 30. 30. 30. 30. 30. 30. 30. 30. 30. 30. 30. 30. 30. 30. 30.
 30. 30. 30. 30. 30.]"
[30],[15.99961188],[21],0.4,[22],0.2,30.0,0.0,0.0,0.056,"[30. 30. 30. 30. 30. 30. 30. 30. 30. 30. 30. 30. 30. 30. 30. 30. 30. 30.
 30. 30. 30. 30. 30. 30. 30. 30. 30. 30.]"
[30],[15.99961188],[21],0.4,[23],0.2,30.0,0.0,0.0,0.072,"[30. 30. 30. 30. 30. 30. 30. 30. 30. 30. 30. 30. 30. 30. 30. 30. 30. 30.
 30. 30. 30. 30. 30. 30. 30. 30. 30. 30. 30. 30. 30. 30. 30. 30. 30. 30.]"
[30],[15.99961188],[21],0.4,[24],0.2,30.0,0.0,0.0,0.054,"[30. 30. 30. 30. 30. 30. 30. 30. 30. 30. 30. 30. 30. 30. 30. 30. 30. 30.
 30. 30. 30. 30. 30. 30. 30. 30. 30.]"
[30],[15.99961188],[21],0.4,[25],0.2,30.0,0.0,0.0,0.082,"[30. 30. 30. 30. 30. 30. 30. 30. 30. 30. 30. 30. 30. 30. 30. 30. 30. 30.
 30. 30. 30. 30. 30. 30. 30. 30. 30. 30. 30. 30. 30. 30. 30. 30. 30. 30.
 30. 30. 30. 30. 30.]"
[30],[15.99961188],[21],0.4,[26],0.2,30.0,0.0,0.0,0.074,"[30. 30. 30. 30. 30. 30. 30. 30. 30. 30. 30. 30. 30. 30. 30. 30. 30. 30.
 30. 30. 30. 30. 30. 30. 30. 30. 30. 30. 30. 30. 30. 30. 30. 30. 30. 30.
 30.]"
[30],[15.99961188],[21],0.4,[27],0.2,30.0,0.0,0.0,0.082,"[30. 30. 30. 30. 30. 30. 30. 30. 30. 30. 30. 30. 30. 30. 30. 30. 30. 30.
 30. 30. 30. 30. 30. 30. 30. 30. 30. 30. 30. 30. 30. 30. 30. 30. 30. 30.
 30. 30. 30. 30. 30.]"
[30],[15.99961188],[21],0.4,[28],0.2,30.0,0.0,0.0,0.084,"[30. 30. 30. 30. 30. 30. 30. 30. 30. 30. 30. 30. 30. 30. 30. 30. 30. 30.
 30. 30. 30. 30. 30. 30. 30. 30. 30. 30. 30. 30. 30. 30. 30. 30. 30. 30.
 30. 30. 30. 30. 30. 30.]"
[30],[15.99961188],[21],0.4,[29],0.2,30.0,0.0,0.0,0.074,"[30. 30. 30. 30. 30. 30. 30. 30. 30. 30. 30. 30. 30. 30. 30. 30. 30. 30.
 30. 30. 30. 30. 30. 30. 30. 30. 30. 30. 30. 30. 30. 30. 30. 30. 30. 30.
 30.]"
[30],[15.99961188],[21],0.4,[30],0.2,30.0,0.0,0.0,0.07,"[30. 30. 30. 30. 30. 30. 30. 30. 30. 30. 30. 30. 30. 30. 30. 30. 30. 30.
 30. 30. 30. 30. 30. 30. 30. 30. 30. 30. 30. 30. 30. 30. 30. 30. 30.]"
[30],[15.99961188],[22],0.4,[10],0.2,30.0,0.0,0.0,0.08,"[30. 30. 30. 30. 30. 30. 30. 30. 30. 30. 30. 30. 30. 30. 30. 30. 30. 30.
 30. 30. 30. 30. 30. 30. 30. 30. 30. 30. 30. 30. 30. 30. 30. 30. 30. 30.
 30. 30. 30. 30.]"
[30],[15.99961188],[22],0.4,[11],0.2,30.0,0.0,0.0,0.086,"[30. 30. 30. 30. 30. 30. 30. 30. 30. 30. 30. 30. 30. 30. 30. 30. 30. 30.
 30. 30. 30. 30. 30. 30. 30. 30. 30. 30. 30. 30. 30. 30. 30. 30. 30. 30.
 30. 30. 30. 30. 30. 30. 30.]"
[30],[15.99961188],[22],0.4,[12],0.2,30.0,0.0,0.0,0.076,"[30. 30. 30. 30. 30. 30. 30. 30. 30. 30. 30. 30. 30. 30. 30. 30. 30. 30.
 30. 30. 30. 30. 30. 30. 30. 30. 30. 30. 30. 30. 30. 30. 30. 30. 30. 30.
 30. 30.]"
[30],[15.99961188],[22],0.4,[13],0.2,30.0,0.0,0.0,0.058,"[30. 30. 30. 30. 30. 30. 30. 30. 30. 30. 30. 30. 30. 30. 30. 30. 30. 30.
 30. 30. 30. 30. 30. 30. 30. 30. 30. 30. 30.]"
[30],[15.99961188],[22],0.4,[14],0.2,30.0,0.0,0.0,0.088,"[30. 30. 30. 30. 30. 30. 30. 30. 30. 30. 30. 30. 30. 30. 30. 30. 30. 30.
 30. 30. 30. 30. 30. 30. 30. 30. 30. 30. 30. 30. 30. 30. 30. 30. 30. 30.
 30. 30. 30. 30. 30. 30. 30. 30.]"
[30],[15.99961188],[22],0.4,[15],0.2,30.0,0.0,0.0,0.068,"[30. 30. 30. 30. 30. 30. 30. 30. 30. 30. 30. 30. 30. 30. 30. 30. 30. 30.
 30. 30. 30. 30. 30. 30. 30. 30. 30. 30. 30. 30. 30. 30. 30. 30.]"
[30],[15.99961188],[22],0.4,[16],0.2,30.0,0.0,0.0,0.082,"[30. 30. 30. 30. 30. 30. 30. 30. 30. 30. 30. 30. 30. 30. 30. 30. 30. 30.
 30. 30. 30. 30. 30. 30. 30. 30. 30. 30. 30. 30. 30. 30. 30. 30. 30. 30.
 30. 30. 30. 30. 30.]"
[30],[15.99961188],[22],0.4,[17],0.2,30.0,0.0,0.0,0.062,"[30. 30. 30. 30. 30. 30. 30. 30. 30. 30. 30. 30. 30. 30. 30. 30. 30. 30.
 30. 30. 30. 30. 30. 30. 30. 30. 30. 30. 30. 30. 30.]"
[30],[15.99961188],[22],0.4,[18],0.2,30.0,0.0,0.0,0.078,"[30. 30. 30. 30. 30. 30. 30. 30. 30. 30. 30. 30. 30. 30. 30. 30. 30. 30.
 30. 30. 30. 30. 30. 30. 30. 30. 30. 30. 30. 30. 30. 30. 30. 30. 30. 30.
 30. 30. 30.]"
[30],[15.99961188],[22],0.4,[19],0.2,30.0,0.0,0.0,0.094,"[30. 30. 30. 30. 30. 30. 30. 30. 30. 30. 30. 30. 30. 30. 30. 30. 30. 30.
 30. 30. 30. 30. 30. 30. 30. 30. 30. 30. 30. 30. 30. 30. 30. 30. 30. 30.
 30. 30. 30. 30. 30. 30. 30. 30. 30. 30. 30.]"
[30],[15.99961188],[22],0.4,[20],0.2,30.0,0.0,0.0,0.08,"[30. 30. 30. 30. 30. 30. 30. 30. 30. 30. 30. 30. 30. 30. 30. 30. 30. 30.
 30. 30. 30. 30. 30. 30. 30. 30. 30. 30. 30. 30. 30. 30. 30. 30. 30. 30.
 30. 30. 30. 30.]"
[30],[15.99961188],[22],0.4,[21],0.2,30.0,0.0,0.0,0.068,"[30. 30. 30. 30. 30. 30. 30. 30. 30. 30. 30. 30. 30. 30. 30. 30. 30. 30.
 30. 30. 30. 30. 30. 30. 30. 30. 30. 30. 30. 30. 30. 30. 30. 30.]"
[30],[15.99961188],[22],0.4,[22],0.2,30.0,0.0,0.0,0.07,"[30. 30. 30. 30. 30. 30. 30. 30. 30. 30. 30. 30. 30. 30. 30. 30. 30. 30.
 30. 30. 30. 30. 30. 30. 30. 30. 30. 30. 30. 30. 30. 30. 30. 30. 30.]"
[30],[15.99961188],[22],0.4,[23],0.2,30.0,0.0,0.0,0.068,"[30. 30. 30. 30. 30. 30. 30. 30. 30. 30. 30. 30. 30. 30. 30. 30. 30. 30.
 30. 30. 30. 30. 30. 30. 30. 30. 30. 30. 30. 30. 30. 30. 30. 30.]"
[30],[15.99961188],[22],0.4,[24],0.2,30.0,0.0,0.0,0.09,"[30. 30. 30. 30. 30. 30. 30. 30. 30. 30. 30. 30. 30. 30. 30. 30. 30. 30.
 30. 30. 30. 30. 30. 30. 30. 30. 30. 30. 30. 30. 30. 30. 30. 30. 30. 30.
 30. 30. 30. 30. 30. 30. 30. 30. 30.]"
[30],[15.99961188],[22],0.4,[25],0.2,30.0,0.0,0.0,0.082,"[30. 30. 30. 30. 30. 30. 30. 30. 30. 30. 30. 30. 30. 30. 30. 30. 30. 30.
 30. 30. 30. 30. 30. 30. 30. 30. 30. 30. 30. 30. 30. 30. 30. 30. 30. 30.
 30. 30. 30. 30. 30.]"
[30],[15.99961188],[22],0.4,[26],0.2,30.0,0.0,0.0,0.086,"[30. 30. 30. 30. 30. 30. 30. 30. 30. 30. 30. 30. 30. 30. 30. 30. 30. 30.
 30. 30. 30. 30. 30. 30. 30. 30. 30. 30. 30. 30. 30. 30. 30. 30. 30. 30.
 30. 30. 30. 30. 30. 30. 30.]"
[30],[15.99961188],[22],0.4,[27],0.2,30.0,0.0,0.0,0.092,"[30. 30. 30. 30. 30. 30. 30. 30. 30. 30. 30. 30. 30. 30. 30. 30. 30. 30.
 30. 30. 30. 30. 30. 30. 30. 30. 30. 30. 30. 30. 30. 30. 30. 30. 30. 30.
 30. 30. 30. 30. 30. 30. 30. 30. 30. 30.]"
[30],[15.99961188],[22],0.4,[28],0.2,30.0,0.0,0.0,0.062,"[30. 30. 30. 30. 30. 30. 30. 30. 30. 30. 30. 30. 30. 30. 30. 30. 30. 30.
 30. 30. 30. 30. 30. 30. 30. 30. 30. 30. 30. 30. 30.]"
[30],[15.99961188],[22],0.4,[29],0.2,30.0,0.0,0.0,0.062,"[30. 30. 30. 30. 30. 30. 30. 30. 30. 30. 30. 30. 30. 30. 30. 30. 30. 30.
 30. 30. 30. 30. 30. 30. 30. 30. 30. 30. 30. 30. 30.]"
[30],[15.99961188],[22],0.4,[30],0.2,30.0,0.0,0.0,0.078,"[30. 30. 30. 30. 30. 30. 30. 30. 30. 30. 30. 30. 30. 30. 30. 30. 30. 30.
 30. 30. 30. 30. 30. 30. 30. 30. 30. 30. 30. 30. 30. 30. 30. 30. 30. 30.
 30. 30. 30.]"
[30],[15.99961188],[23],0.4,[10],0.2,30.0,0.0,0.0,0.074,"[30. 30. 30. 30. 30. 30. 30. 30. 30. 30. 30. 30. 30. 30. 30. 30. 30. 30.
 30. 30. 30. 30. 30. 30. 30. 30. 30. 30. 30. 30. 30. 30. 30. 30. 30. 30.
 30.]"
[30],[15.99961188],[23],0.4,[11],0.2,30.0,0.0,0.0,0.08,"[30. 30. 30. 30. 30. 30. 30. 30. 30. 30. 30. 30. 30. 30. 30. 30. 30. 30.
 30. 30. 30. 30. 30. 30. 30. 30. 30. 30. 30. 30. 30. 30. 30. 30. 30. 30.
 30. 30. 30. 30.]"
[30],[15.99961188],[23],0.4,[12],0.2,30.0,0.0,0.0,0.074,"[30. 30. 30. 30. 30. 30. 30. 30. 30. 30. 30. 30. 30. 30. 30. 30. 30. 30.
 30. 30. 30. 30. 30. 30. 30. 30. 30. 30. 30. 30. 30. 30. 30. 30. 30. 30.
 30.]"
[30],[15.99961188],[23],0.4,[13],0.2,30.0,0.0,0.0,0.066,"[30. 30. 30. 30. 30. 30. 30. 30. 30. 30. 30. 30. 30. 30. 30. 30. 30. 30.
 30. 30. 30. 30. 30. 30. 30. 30. 30. 30. 30. 30. 30. 30. 30.]"
[30],[15.99961188],[23],0.4,[14],0.2,30.0,0.0,0.0,0.074,"[30. 30. 30. 30. 30. 30. 30. 30. 30. 30. 30. 30. 30. 30. 30. 30. 30. 30.
 30. 30. 30. 30. 30. 30. 30. 30. 30. 30. 30. 30. 30. 30. 30. 30. 30. 30.
 30.]"
[30],[15.99961188],[23],0.4,[15],0.2,30.0,0.0,0.0,0.068,"[30. 30. 30. 30. 30. 30. 30. 30. 30. 30. 30. 30. 30. 30. 30. 30. 30. 30.
 30. 30. 30. 30. 30. 30. 30. 30. 30. 30. 30. 30. 30. 30. 30. 30.]"
[30],[15.99961188],[23],0.4,[16],0.2,30.0,0.0,0.0,0.076,"[30. 30. 30. 30. 30. 30. 30. 30. 30. 30. 30. 30. 30. 30. 30. 30. 30. 30.
 30. 30. 30. 30. 30. 30. 30. 30. 30. 30. 30. 30. 30. 30. 30. 30. 30. 30.
 30. 30.]"
[30],[15.99961188],[23],0.4,[17],0.2,30.0,0.0,0.0,0.076,"[30. 30. 30. 30. 30. 30. 30. 30. 30. 30. 30. 30. 30. 30. 30. 30. 30. 30.
 30. 30. 30. 30. 30. 30. 30. 30. 30. 30. 30. 30. 30. 30. 30. 30. 30. 30.
 30. 30.]"
[30],[15.99961188],[23],0.4,[18],0.2,30.0,0.0,0.0,0.064,"[30. 30. 30. 30. 30. 30. 30. 30. 30. 30. 30. 30. 30. 30. 30. 30. 30. 30.
 30. 30. 30. 30. 30. 30. 30. 30. 30. 30. 30. 30. 30. 30.]"
[30],[15.99961188],[23],0.4,[19],0.2,30.0,0.0,0.0,0.08,"[30. 30. 30. 30. 30. 30. 30. 30. 30. 30. 30. 30. 30. 30. 30. 30. 30. 30.
 30. 30. 30. 30. 30. 30. 30. 30. 30. 30. 30. 30. 30. 30. 30. 30. 30. 30.
 30. 30. 30. 30.]"
[30],[15.99961188],[23],0.4,[20],0.2,30.0,0.0,0.0,0.058,"[30. 30. 30. 30. 30. 30. 30. 30. 30. 30. 30. 30. 30. 30. 30. 30. 30. 30.
 30. 30. 30. 30. 30. 30. 30. 30. 30. 30. 30.]"
[30],[15.99961188],[23],0.4,[21],0.2,30.0,0.0,0.0,0.072,"[30. 30. 30. 30. 30. 30. 30. 30. 30. 30. 30. 30. 30. 30. 30. 30. 30. 30.
 30. 30. 30. 30. 30. 30. 30. 30. 30. 30. 30. 30. 30. 30. 30. 30. 30. 30.]"
[30],[15.99961188],[23],0.4,[22],0.2,30.0,0.0,0.0,0.09,"[30. 30. 30. 30. 30. 30. 30. 30. 30. 30. 30. 30. 30. 30. 30. 30. 30. 30.
 30. 30. 30. 30. 30. 30. 30. 30. 30. 30. 30. 30. 30. 30. 30. 30. 30. 30.
 30. 30. 30. 30. 30. 30. 30. 30. 30.]"
[30],[15.99961188],[23],0.4,[23],0.2,30.0,0.0,0.0,0.066,"[30. 30. 30. 30. 30. 30. 30. 30. 30. 30. 30. 30. 30. 30. 30. 30. 30. 30.
 30. 30. 30. 30. 30. 30. 30. 30. 30. 30. 30. 30. 30. 30. 30.]"
[30],[15.99961188],[23],0.4,[24],0.2,30.0,0.0,0.0,0.086,"[30. 30. 30. 30. 30. 30. 30. 30. 30. 30. 30. 30. 30. 30. 30. 30. 30. 30.
 30. 30. 30. 30. 30. 30. 30. 30. 30. 30. 30. 30. 30. 30. 30. 30. 30. 30.
 30. 30. 30. 30. 30. 30. 30.]"
[30],[15.99961188],[23],0.4,[25],0.2,30.0,0.0,0.0,0.088,"[30. 30. 30. 30. 30. 30. 30. 30. 30. 30. 30. 30. 30. 30. 30. 30. 30. 30.
 30. 30. 30. 30. 30. 30. 30. 30. 30. 30. 30. 30. 30. 30. 30. 30. 30. 30.
 30. 30. 30. 30. 30. 30. 30. 30.]"
[30],[15.99961188],[23],0.4,[26],0.2,30.0,0.0,0.0,0.08,"[30. 30. 30. 30. 30. 30. 30. 30. 30. 30. 30. 30. 30. 30. 30. 30. 30. 30.
 30. 30. 30. 30. 30. 30. 30. 30. 30. 30. 30. 30. 30. 30. 30. 30. 30. 30.
 30. 30. 30. 30.]"
[30],[15.99961188],[23],0.4,[27],0.2,30.0,0.0,0.0,0.086,"[30. 30. 30. 30. 30. 30. 30. 30. 30. 30. 30. 30. 30. 30. 30. 30. 30. 30.
 30. 30. 30. 30. 30. 30. 30. 30. 30. 30. 30. 30. 30. 30. 30. 30. 30. 30.
 30. 30. 30. 30. 30. 30. 30.]"
[30],[15.99961188],[23],0.4,[28],0.2,30.0,0.0,0.0,0.076,"[30. 30. 30. 30. 30. 30. 30. 30. 30. 30. 30. 30. 30. 30. 30. 30. 30. 30.
 30. 30. 30. 30. 30. 30. 30. 30. 30. 30. 30. 30. 30. 30. 30. 30. 30. 30.
 30. 30.]"
[30],[15.99961188],[23],0.4,[29],0.2,30.0,0.0,0.0,0.07,"[30. 30. 30. 30. 30. 30. 30. 30. 30. 30. 30. 30. 30. 30. 30. 30. 30. 30.
 30. 30. 30. 30. 30. 30. 30. 30. 30. 30. 30. 30. 30. 30. 30. 30. 30.]"
[30],[15.99961188],[23],0.4,[30],0.2,30.0,0.0,0.0,0.056,"[30. 30. 30. 30. 30. 30. 30. 30. 30. 30. 30. 30. 30. 30. 30. 30. 30. 30.
 30. 30. 30. 30. 30. 30. 30. 30. 30. 30.]"
[30],[15.99961188],[24],0.4,[10],0.2,30.0,0.0,0.0,0.078,"[30. 30. 30. 30. 30. 30. 30. 30. 30. 30. 30. 30. 30. 30. 30. 30. 30. 30.
 30. 30. 30. 30. 30. 30. 30. 30. 30. 30. 30. 30. 30. 30. 30. 30. 30. 30.
 30. 30. 30.]"
[30],[15.99961188],[24],0.4,[11],0.2,30.0,0.0,0.0,0.086,"[30. 30. 30. 30. 30. 30. 30. 30. 30. 30. 30. 30. 30. 30. 30. 30. 30. 30.
 30. 30. 30. 30. 30. 30. 30. 30. 30. 30. 30. 30. 30. 30. 30. 30. 30. 30.
 30. 30. 30. 30. 30. 30. 30.]"
[30],[15.99961188],[24],0.4,[12],0.2,30.0,0.0,0.0,0.056,"[30. 30. 30. 30. 30. 30. 30. 30. 30. 30. 30. 30. 30. 30. 30. 30. 30. 30.
 30. 30. 30. 30. 30. 30. 30. 30. 30. 30.]"
[30],[15.99961188],[24],0.4,[13],0.2,30.0,0.0,0.0,0.062,"[30. 30. 30. 30. 30. 30. 30. 30. 30. 30. 30. 30. 30. 30. 30. 30. 30. 30.
 30. 30. 30. 30. 30. 30. 30. 30. 30. 30. 30. 30. 30.]"
[30],[15.99961188],[24],0.4,[14],0.2,30.0,0.0,0.0,0.072,"[30. 30. 30. 30. 30. 30. 30. 30. 30. 30. 30. 30. 30. 30. 30. 30. 30. 30.
 30. 30. 30. 30. 30. 30. 30. 30. 30. 30. 30. 30. 30. 30. 30. 30. 30. 30.]"
[30],[15.99961188],[24],0.4,[15],0.2,30.0,0.0,0.0,0.076,"[30. 30. 30. 30. 30. 30. 30. 30. 30. 30. 30. 30. 30. 30. 30. 30. 30. 30.
 30. 30. 30. 30. 30. 30. 30. 30. 30. 30. 30. 30. 30. 30. 30. 30. 30. 30.
 30. 30.]"
[30],[15.99961188],[24],0.4,[16],0.2,30.0,0.0,0.0,0.058,"[30. 30. 30. 30. 30. 30. 30. 30. 30. 30. 30. 30. 30. 30. 30. 30. 30. 30.
 30. 30. 30. 30. 30. 30. 30. 30. 30. 30. 30.]"
[30],[15.99961188],[24],0.4,[17],0.2,30.0,0.0,0.0,0.08,"[30. 30. 30. 30. 30. 30. 30. 30. 30. 30. 30. 30. 30. 30. 30. 30. 30. 30.
 30. 30. 30. 30. 30. 30. 30. 30. 30. 30. 30. 30. 30. 30. 30. 30. 30. 30.
 30. 30. 30. 30.]"
[30],[15.99961188],[24],0.4,[18],0.2,30.0,0.0,0.0,0.084,"[30. 30. 30. 30. 30. 30. 30. 30. 30. 30. 30. 30. 30. 30. 30. 30. 30. 30.
 30. 30. 30. 30. 30. 30. 30. 30. 30. 30. 30. 30. 30. 30. 30. 30. 30. 30.
 30. 30. 30. 30. 30. 30.]"
[30],[15.99961188],[24],0.4,[19],0.2,30.0,0.0,0.0,0.098,"[30. 30. 30. 30. 30. 30. 30. 30. 30. 30. 30. 30. 30. 30. 30. 30. 30. 30.
 30. 30. 30. 30. 30. 30. 30. 30. 30. 30. 30. 30. 30. 30. 30. 30. 30. 30.
 30. 30. 30. 30. 30. 30. 30. 30. 30. 30. 30. 30. 30.]"
[30],[15.99961188],[24],0.4,[20],0.2,30.0,0.0,0.0,0.076,"[30. 30. 30. 30. 30. 30. 30. 30. 30. 30. 30. 30. 30. 30. 30. 30. 30. 30.
 30. 30. 30. 30. 30. 30. 30. 30. 30. 30. 30. 30. 30. 30. 30. 30. 30. 30.
 30. 30.]"
[30],[15.99961188],[24],0.4,[21],0.2,30.0,0.0,0.0,0.076,"[30. 30. 30. 30. 30. 30. 30. 30. 30. 30. 30. 30. 30. 30. 30. 30. 30. 30.
 30. 30. 30. 30. 30. 30. 30. 30. 30. 30. 30. 30. 30. 30. 30. 30. 30. 30.
 30. 30.]"
[30],[15.99961188],[24],0.4,[22],0.2,30.0,0.0,0.0,0.094,"[30. 30. 30. 30. 30. 30. 30. 30. 30. 30. 30. 30. 30. 30. 30. 30. 30. 30.
 30. 30. 30. 30. 30. 30. 30. 30. 30. 30. 30. 30. 30. 30. 30. 30. 30. 30.
 30. 30. 30. 30. 30. 30. 30. 30. 30. 30. 30.]"
[30],[15.99961188],[24],0.4,[23],0.2,30.0,0.0,0.0,0.078,"[30. 30. 30. 30. 30. 30. 30. 30. 30. 30. 30. 30. 30. 30. 30. 30. 30. 30.
 30. 30. 30. 30. 30. 30. 30. 30. 30. 30. 30. 30. 30. 30. 30. 30. 30. 30.
 30. 30. 30.]"
[30],[15.99961188],[24],0.4,[24],0.2,30.0,0.0,0.0,0.062,"[30. 30. 30. 30. 30. 30. 30. 30. 30. 30. 30. 30. 30. 30. 30. 30. 30. 30.
 30. 30. 30. 30. 30. 30. 30. 30. 30. 30. 30. 30. 30.]"
[30],[15.99961188],[24],0.4,[25],0.2,30.0,0.0,0.0,0.074,"[30. 30. 30. 30. 30. 30. 30. 30. 30. 30. 30. 30. 30. 30. 30. 30. 30. 30.
 30. 30. 30. 30. 30. 30. 30. 30. 30. 30. 30. 30. 30. 30. 30. 30. 30. 30.
 30.]"
[30],[15.99961188],[24],0.4,[26],0.2,30.0,0.0,0.0,0.088,"[30. 30. 30. 30. 30. 30. 30. 30. 30. 30. 30. 30. 30. 30. 30. 30. 30. 30.
 30. 30. 30. 30. 30. 30. 30. 30. 30. 30. 30. 30. 30. 30. 30. 30. 30. 30.
 30. 30. 30. 30. 30. 30. 30. 30.]"
[30],[15.99961188],[24],0.4,[27],0.2,30.0,0.0,0.0,0.062,"[30. 30. 30. 30. 30. 30. 30. 30. 30. 30. 30. 30. 30. 30. 30. 30. 30. 30.
 30. 30. 30. 30. 30. 30. 30. 30. 30. 30. 30. 30. 30.]"
[30],[15.99961188],[24],0.4,[28],0.2,30.0,0.0,0.0,0.068,"[30. 30. 30. 30. 30. 30. 30. 30. 30. 30. 30. 30. 30. 30. 30. 30. 30. 30.
 30. 30. 30. 30. 30. 30. 30. 30. 30. 30. 30. 30. 30. 30. 30. 30.]"
[30],[15.99961188],[24],0.4,[29],0.2,30.0,0.0,0.0,0.092,"[30. 30. 30. 30. 30. 30. 30. 30. 30. 30. 30. 30. 30. 30. 30. 30. 30. 30.
 30. 30. 30. 30. 30. 30. 30. 30. 30. 30. 30. 30. 30. 30. 30. 30. 30. 30.
 30. 30. 30. 30. 30. 30. 30. 30. 30. 30.]"
[30],[15.99961188],[24],0.4,[30],0.2,30.0,0.0,0.0,0.068,"[30. 30. 30. 30. 30. 30. 30. 30. 30. 30. 30. 30. 30. 30. 30. 30. 30. 30.
 30. 30. 30. 30. 30. 30. 30. 30. 30. 30. 30. 30. 30. 30. 30. 30.]"
[30],[15.99961188],[25],0.4,[10],0.2,30.0,0.0,0.0,0.07,"[30. 30. 30. 30. 30. 30. 30. 30. 30. 30. 30. 30. 30. 30. 30. 30. 30. 30.
 30. 30. 30. 30. 30. 30. 30. 30. 30. 30. 30. 30. 30. 30. 30. 30. 30.]"
[30],[15.99961188],[25],0.4,[11],0.2,30.0,0.0,0.0,0.078,"[30. 30. 30. 30. 30. 30. 30. 30. 30. 30. 30. 30. 30. 30. 30. 30. 30. 30.
 30. 30. 30. 30. 30. 30. 30. 30. 30. 30. 30. 30. 30. 30. 30. 30. 30. 30.
 30. 30. 30.]"
[30],[15.99961188],[25],0.4,[12],0.2,30.0,0.0,0.0,0.084,"[30. 30. 30. 30. 30. 30. 30. 30. 30. 30. 30. 30. 30. 30. 30. 30. 30. 30.
 30. 30. 30. 30. 30. 30. 30. 30. 30. 30. 30. 30. 30. 30. 30. 30. 30. 30.
 30. 30. 30. 30. 30. 30.]"
[30],[15.99961188],[25],0.4,[13],0.2,30.0,0.0,0.0,0.066,"[30. 30. 30. 30. 30. 30. 30. 30. 30. 30. 30. 30. 30. 30. 30. 30. 30. 30.
 30. 30. 30. 30. 30. 30. 30. 30. 30. 30. 30. 30. 30. 30. 30.]"
[30],[15.99961188],[25],0.4,[14],0.2,30.0,0.0,0.0,0.062,"[30. 30. 30. 30. 30. 30. 30. 30. 30. 30. 30. 30. 30. 30. 30. 30. 30. 30.
 30. 30. 30. 30. 30. 30. 30. 30. 30. 30. 30. 30. 30.]"
[30],[15.99961188],[25],0.4,[15],0.2,30.0,0.0,0.0,0.058,"[30. 30. 30. 30. 30. 30. 30. 30. 30. 30. 30. 30. 30. 30. 30. 30. 30. 30.
 30. 30. 30. 30. 30. 30. 30. 30. 30. 30. 30.]"
[30],[15.99961188],[25],0.4,[16],0.2,30.0,0.0,0.0,0.086,"[30. 30. 30. 30. 30. 30. 30. 30. 30. 30. 30. 30. 30. 30. 30. 30. 30. 30.
 30. 30. 30. 30. 30. 30. 30. 30. 30. 30. 30. 30. 30. 30. 30. 30. 30. 30.
 30. 30. 30. 30. 30. 30. 30.]"
[30],[15.99961188],[25],0.4,[17],0.2,30.0,0.0,0.0,0.068,"[30. 30. 30. 30. 30. 30. 30. 30. 30. 30. 30. 30. 30. 30. 30. 30. 30. 30.
 30. 30. 30. 30. 30. 30. 30. 30. 30. 30. 30. 30. 30. 30. 30. 30.]"
[30],[15.99961188],[25],0.4,[18],0.2,30.0,0.0,0.0,0.082,"[30. 30. 30. 30. 30. 30. 30. 30. 30. 30. 30. 30. 30. 30. 30. 30. 30. 30.
 30. 30. 30. 30. 30. 30. 30. 30. 30. 30. 30. 30. 30. 30. 30. 30. 30. 30.
 30. 30. 30. 30. 30.]"
[30],[15.99961188],[25],0.4,[19],0.2,30.0,0.0,0.0,0.072,"[30. 30. 30. 30. 30. 30. 30. 30. 30. 30. 30. 30. 30. 30. 30. 30. 30. 30.
 30. 30. 30. 30. 30. 30. 30. 30. 30. 30. 30. 30. 30. 30. 30. 30. 30. 30.]"
[30],[15.99961188],[25],0.4,[20],0.2,30.0,0.0,0.0,0.072,"[30. 30. 30. 30. 30. 30. 30. 30. 30. 30. 30. 30. 30. 30. 30. 30. 30. 30.
 30. 30. 30. 30. 30. 30. 30. 30. 30. 30. 30. 30. 30. 30. 30. 30. 30. 30.]"
[30],[15.99961188],[25],0.4,[21],0.2,30.0,0.0,0.0,0.078,"[30. 30. 30. 30. 30. 30. 30. 30. 30. 30. 30. 30. 30. 30. 30. 30. 30. 30.
 30. 30. 30. 30. 30. 30. 30. 30. 30. 30. 30. 30. 30. 30. 30. 30. 30. 30.
 30. 30. 30.]"
[30],[15.99961188],[25],0.4,[22],0.2,30.0,0.0,0.0,0.072,"[30. 30. 30. 30. 30. 30. 30. 30. 30. 30. 30. 30. 30. 30. 30. 30. 30. 30.
 30. 30. 30. 30. 30. 30. 30. 30. 30. 30. 30. 30. 30. 30. 30. 30. 30. 30.]"
[30],[15.99961188],[25],0.4,[23],0.2,30.0,0.0,0.0,0.092,"[30. 30. 30. 30. 30. 30. 30. 30. 30. 30. 30. 30. 30. 30. 30. 30. 30. 30.
 30. 30. 30. 30. 30. 30. 30. 30. 30. 30. 30. 30. 30. 30. 30. 30. 30. 30.
 30. 30. 30. 30. 30. 30. 30. 30. 30. 30.]"
[30],[15.99961188],[25],0.4,[24],0.2,30.0,0.0,0.0,0.062,"[30. 30. 30. 30. 30. 30. 30. 30. 30. 30. 30. 30. 30. 30. 30. 30. 30. 30.
 30. 30. 30. 30. 30. 30. 30. 30. 30. 30. 30. 30. 30.]"
[30],[15.99961188],[25],0.4,[25],0.2,30.0,0.0,0.0,0.078,"[30. 30. 30. 30. 30. 30. 30. 30. 30. 30. 30. 30. 30. 30. 30. 30. 30. 30.
 30. 30. 30. 30. 30. 30. 30. 30. 30. 30. 30. 30. 30. 30. 30. 30. 30. 30.
 30. 30. 30.]"
[30],[15.99961188],[25],0.4,[26],0.2,30.0,0.0,0.0,0.076,"[30. 30. 30. 30. 30. 30. 30. 30. 30. 30. 30. 30. 30. 30. 30. 30. 30. 30.
 30. 30. 30. 30. 30. 30. 30. 30. 30. 30. 30. 30. 30. 30. 30. 30. 30. 30.
 30. 30.]"
[30],[15.99961188],[25],0.4,[27],0.2,30.0,0.0,0.0,0.072,"[30. 30. 30. 30. 30. 30. 30. 30. 30. 30. 30. 30. 30. 30. 30. 30. 30. 30.
 30. 30. 30. 30. 30. 30. 30. 30. 30. 30. 30. 30. 30. 30. 30. 30. 30. 30.]"
[30],[15.99961188],[25],0.4,[28],0.2,30.0,0.0,0.0,0.058,"[30. 30. 30. 30. 30. 30. 30. 30. 30. 30. 30. 30. 30. 30. 30. 30. 30. 30.
 30. 30. 30. 30. 30. 30. 30. 30. 30. 30. 30.]"
[30],[15.99961188],[25],0.4,[29],0.2,30.0,0.0,0.0,0.058,"[30. 30. 30. 30. 30. 30. 30. 30. 30. 30. 30. 30. 30. 30. 30. 30. 30. 30.
 30. 30. 30. 30. 30. 30. 30. 30. 30. 30. 30.]"
[30],[15.99961188],[25],0.4,[30],0.2,30.0,0.0,0.0,0.078,"[30. 30. 30. 30. 30. 30. 30. 30. 30. 30. 30. 30. 30. 30. 30. 30. 30. 30.
 30. 30. 30. 30. 30. 30. 30. 30. 30. 30. 30. 30. 30. 30. 30. 30. 30. 30.
 30. 30. 30.]"
[30],[15.99961188],[26],0.4,[10],0.2,30.0,0.0,0.0,0.06,"[30. 30. 30. 30. 30. 30. 30. 30. 30. 30. 30. 30. 30. 30. 30. 30. 30. 30.
 30. 30. 30. 30. 30. 30. 30. 30. 30. 30. 30. 30.]"
[30],[15.99961188],[26],0.4,[11],0.2,30.0,0.0,0.0,0.076,"[30. 30. 30. 30. 30. 30. 30. 30. 30. 30. 30. 30. 30. 30. 30. 30. 30. 30.
 30. 30. 30. 30. 30. 30. 30. 30. 30. 30. 30. 30. 30. 30. 30. 30. 30. 30.
 30. 30.]"
[30],[15.99961188],[26],0.4,[12],0.2,30.0,0.0,0.0,0.078,"[30. 30. 30. 30. 30. 30. 30. 30. 30. 30. 30. 30. 30. 30. 30. 30. 30. 30.
 30. 30. 30. 30. 30. 30. 30. 30. 30. 30. 30. 30. 30. 30. 30. 30. 30. 30.
 30. 30. 30.]"
[30],[15.99961188],[26],0.4,[13],0.2,30.0,0.0,0.0,0.082,"[30. 30. 30. 30. 30. 30. 30. 30. 30. 30. 30. 30. 30. 30. 30. 30. 30. 30.
 30. 30. 30. 30. 30. 30. 30. 30. 30. 30. 30. 30. 30. 30. 30. 30. 30. 30.
 30. 30. 30. 30. 30.]"
[30],[15.99961188],[26],0.4,[14],0.2,30.0,0.0,0.0,0.076,"[30. 30. 30. 30. 30. 30. 30. 30. 30. 30. 30. 30. 30. 30. 30. 30. 30. 30.
 30. 30. 30. 30. 30. 30. 30. 30. 30. 30. 30. 30. 30. 30. 30. 30. 30. 30.
 30. 30.]"
[30],[15.99961188],[26],0.4,[15],0.2,30.0,0.0,0.0,0.062,"[30. 30. 30. 30. 30. 30. 30. 30. 30. 30. 30. 30. 30. 30. 30. 30. 30. 30.
 30. 30. 30. 30. 30. 30. 30. 30. 30. 30. 30. 30. 30.]"
[30],[15.99961188],[26],0.4,[16],0.2,30.0,0.0,0.0,0.09,"[30. 30. 30. 30. 30. 30. 30. 30. 30. 30. 30. 30. 30. 30. 30. 30. 30. 30.
 30. 30. 30. 30. 30. 30. 30. 30. 30. 30. 30. 30. 30. 30. 30. 30. 30. 30.
 30. 30. 30. 30. 30. 30. 30. 30. 30.]"
[30],[15.99961188],[26],0.4,[17],0.2,30.0,0.0,0.0,0.066,"[30. 30. 30. 30. 30. 30. 30. 30. 30. 30. 30. 30. 30. 30. 30. 30. 30. 30.
 30. 30. 30. 30. 30. 30. 30. 30. 30. 30. 30. 30. 30. 30. 30.]"
[30],[15.99961188],[26],0.4,[18],0.2,30.0,0.0,0.0,0.05,"[30. 30. 30. 30. 30. 30. 30. 30. 30. 30. 30. 30. 30. 30. 30. 30. 30. 30.
 30. 30. 30. 30. 30. 30. 30.]"
[30],[15.99961188],[26],0.4,[19],0.2,30.0,0.0,0.0,0.084,"[30. 30. 30. 30. 30. 30. 30. 30. 30. 30. 30. 30. 30. 30. 30. 30. 30. 30.
 30. 30. 30. 30. 30. 30. 30. 30. 30. 30. 30. 30. 30. 30. 30. 30. 30. 30.
 30. 30. 30. 30. 30. 30.]"
[30],[15.99961188],[26],0.4,[20],0.2,30.0,0.0,0.0,0.068,"[30. 30. 30. 30. 30. 30. 30. 30. 30. 30. 30. 30. 30. 30. 30. 30. 30. 30.
 30. 30. 30. 30. 30. 30. 30. 30. 30. 30. 30. 30. 30. 30. 30. 30.]"
[30],[15.99961188],[26],0.4,[21],0.2,30.0,0.0,0.0,0.092,"[30. 30. 30. 30. 30. 30. 30. 30. 30. 30. 30. 30. 30. 30. 30. 30. 30. 30.
 30. 30. 30. 30. 30. 30. 30. 30. 30. 30. 30. 30. 30. 30. 30. 30. 30. 30.
 30. 30. 30. 30. 30. 30. 30. 30. 30. 30.]"
[30],[15.99961188],[26],0.4,[22],0.2,30.0,0.0,0.0,0.072,"[30. 30. 30. 30. 30. 30. 30. 30. 30. 30. 30. 30. 30. 30. 30. 30. 30. 30.
 30. 30. 30. 30. 30. 30. 30. 30. 30. 30. 30. 30. 30. 30. 30. 30. 30. 30.]"
[30],[15.99961188],[26],0.4,[23],0.2,30.0,0.0,0.0,0.06,"[30. 30. 30. 30. 30. 30. 30. 30. 30. 30. 30. 30. 30. 30. 30. 30. 30. 30.
 30. 30. 30. 30. 30. 30. 30. 30. 30. 30. 30. 30.]"
[30],[15.99961188],[26],0.4,[24],0.2,30.0,0.0,0.0,0.066,"[30. 30. 30. 30. 30. 30. 30. 30. 30. 30. 30. 30. 30. 30. 30. 30. 30. 30.
 30. 30. 30. 30. 30. 30. 30. 30. 30. 30. 30. 30. 30. 30. 30.]"
[30],[15.99961188],[26],0.4,[25],0.2,30.0,0.0,0.0,0.066,"[30. 30. 30. 30. 30. 30. 30. 30. 30. 30. 30. 30. 30. 30. 30. 30. 30. 30.
 30. 30. 30. 30. 30. 30. 30. 30. 30. 30. 30. 30. 30. 30. 30.]"
[30],[15.99961188],[26],0.4,[26],0.2,30.0,0.0,0.0,0.092,"[30. 30. 30. 30. 30. 30. 30. 30. 30. 30. 30. 30. 30. 30. 30. 30. 30. 30.
 30. 30. 30. 30. 30. 30. 30. 30. 30. 30. 30. 30. 30. 30. 30. 30. 30. 30.
 30. 30. 30. 30. 30. 30. 30. 30. 30. 30.]"
[30],[15.99961188],[26],0.4,[27],0.2,30.0,0.0,0.0,0.044,"[30. 30. 30. 30. 30. 30. 30. 30. 30. 30. 30. 30. 30. 30. 30. 30. 30. 30.
 30. 30. 30. 30.]"
[30],[15.99961188],[26],0.4,[28],0.2,30.0,0.0,0.0,0.09,"[30. 30. 30. 30. 30. 30. 30. 30. 30. 30. 30. 30. 30. 30. 30. 30. 30. 30.
 30. 30. 30. 30. 30. 30. 30. 30. 30. 30. 30. 30. 30. 30. 30. 30. 30. 30.
 30. 30. 30. 30. 30. 30. 30. 30. 30.]"
[30],[15.99961188],[26],0.4,[29],0.2,30.0,0.0,0.0,0.05,"[30. 30. 30. 30. 30. 30. 30. 30. 30. 30. 30. 30. 30. 30. 30. 30. 30. 30.
 30. 30. 30. 30. 30. 30. 30.]"
[30],[15.99961188],[26],0.4,[30],0.2,30.0,0.0,0.0,0.07,"[30. 30. 30. 30. 30. 30. 30. 30. 30. 30. 30. 30. 30. 30. 30. 30. 30. 30.
 30. 30. 30. 30. 30. 30. 30. 30. 30. 30. 30. 30. 30. 30. 30. 30. 30.]"
[30],[15.99961188],[27],0.4,[10],0.2,30.0,0.0,0.0,0.054,"[30. 30. 30. 30. 30. 30. 30. 30. 30. 30. 30. 30. 30. 30. 30. 30. 30. 30.
 30. 30. 30. 30. 30. 30. 30. 30. 30.]"
[30],[15.99961188],[27],0.4,[11],0.2,30.0,0.0,0.0,0.056,"[30. 30. 30. 30. 30. 30. 30. 30. 30. 30. 30. 30. 30. 30. 30. 30. 30. 30.
 30. 30. 30. 30. 30. 30. 30. 30. 30. 30.]"
[30],[15.99961188],[27],0.4,[12],0.2,30.0,0.0,0.0,0.062,"[30. 30. 30. 30. 30. 30. 30. 30. 30. 30. 30. 30. 30. 30. 30. 30. 30. 30.
 30. 30. 30. 30. 30. 30. 30. 30. 30. 30. 30. 30. 30.]"
[30],[15.99961188],[27],0.4,[13],0.2,30.0,0.0,0.0,0.084,"[30. 30. 30. 30. 30. 30. 30. 30. 30. 30. 30. 30. 30. 30. 30. 30. 30. 30.
 30. 30. 30. 30. 30. 30. 30. 30. 30. 30. 30. 30. 30. 30. 30. 30. 30. 30.
 30. 30. 30. 30. 30. 30.]"
[30],[15.99961188],[27],0.4,[14],0.2,30.0,0.0,0.0,0.098,"[30. 30. 30. 30. 30. 30. 30. 30. 30. 30. 30. 30. 30. 30. 30. 30. 30. 30.
 30. 30. 30. 30. 30. 30. 30. 30. 30. 30. 30. 30. 30. 30. 30. 30. 30. 30.
 30. 30. 30. 30. 30. 30. 30. 30. 30. 30. 30. 30. 30.]"
[30],[15.99961188],[27],0.4,[15],0.2,30.0,0.0,0.0,0.068,"[30. 30. 30. 30. 30. 30. 30. 30. 30. 30. 30. 30. 30. 30. 30. 30. 30. 30.
 30. 30. 30. 30. 30. 30. 30. 30. 30. 30. 30. 30. 30. 30. 30. 30.]"
[30],[15.99961188],[27],0.4,[16],0.2,30.0,0.0,0.0,0.058,"[30. 30. 30. 30. 30. 30. 30. 30. 30. 30. 30. 30. 30. 30. 30. 30. 30. 30.
 30. 30. 30. 30. 30. 30. 30. 30. 30. 30. 30.]"
[30],[15.99961188],[27],0.4,[17],0.2,30.0,0.0,0.0,0.052,"[30. 30. 30. 30. 30. 30. 30. 30. 30. 30. 30. 30. 30. 30. 30. 30. 30. 30.
 30. 30. 30. 30. 30. 30. 30. 30.]"
[30],[15.99961188],[27],0.4,[18],0.2,30.0,0.0,0.0,0.066,"[30. 30. 30. 30. 30. 30. 30. 30. 30. 30. 30. 30. 30. 30. 30. 30. 30. 30.
 30. 30. 30. 30. 30. 30. 30. 30. 30. 30. 30. 30. 30. 30. 30.]"
[30],[15.99961188],[27],0.4,[19],0.2,30.0,0.0,0.0,0.082,"[30. 30. 30. 30. 30. 30. 30. 30. 30. 30. 30. 30. 30. 30. 30. 30. 30. 30.
 30. 30. 30. 30. 30. 30. 30. 30. 30. 30. 30. 30. 30. 30. 30. 30. 30. 30.
 30. 30. 30. 30. 30.]"
[30],[15.99961188],[27],0.4,[20],0.2,30.0,0.0,0.0,0.05,"[30. 30. 30. 30. 30. 30. 30. 30. 30. 30. 30. 30. 30. 30. 30. 30. 30. 30.
 30. 30. 30. 30. 30. 30. 30.]"
[30],[15.99961188],[27],0.4,[21],0.2,30.0,0.0,0.0,0.074,"[30. 30. 30. 30. 30. 30. 30. 30. 30. 30. 30. 30. 30. 30. 30. 30. 30. 30.
 30. 30. 30. 30. 30. 30. 30. 30. 30. 30. 30. 30. 30. 30. 30. 30. 30. 30.
 30.]"
[30],[15.99961188],[27],0.4,[22],0.2,30.0,0.0,0.0,0.066,"[30. 30. 30. 30. 30. 30. 30. 30. 30. 30. 30. 30. 30. 30. 30. 30. 30. 30.
 30. 30. 30. 30. 30. 30. 30. 30. 30. 30. 30. 30. 30. 30. 30.]"
[30],[15.99961188],[27],0.4,[23],0.2,30.0,0.0,0.0,0.054,"[30. 30. 30. 30. 30. 30. 30. 30. 30. 30. 30. 30. 30. 30. 30. 30. 30. 30.
 30. 30. 30. 30. 30. 30. 30. 30. 30.]"
[30],[15.99961188],[27],0.4,[24],0.2,30.0,0.0,0.0,0.072,"[30. 30. 30. 30. 30. 30. 30. 30. 30. 30. 30. 30. 30. 30. 30. 30. 30. 30.
 30. 30. 30. 30. 30. 30. 30. 30. 30. 30. 30. 30. 30. 30. 30. 30. 30. 30.]"
[30],[15.99961188],[27],0.4,[25],0.2,30.0,0.0,0.0,0.052,"[30. 30. 30. 30. 30. 30. 30. 30. 30. 30. 30. 30. 30. 30. 30. 30. 30. 30.
 30. 30. 30. 30. 30. 30. 30. 30.]"
[30],[15.99961188],[27],0.4,[26],0.2,30.0,0.0,0.0,0.064,"[30. 30. 30. 30. 30. 30. 30. 30. 30. 30. 30. 30. 30. 30. 30. 30. 30. 30.
 30. 30. 30. 30. 30. 30. 30. 30. 30. 30. 30. 30. 30. 30.]"
[30],[15.99961188],[27],0.4,[27],0.2,30.0,0.0,0.0,0.082,"[30. 30. 30. 30. 30. 30. 30. 30. 30. 30. 30. 30. 30. 30. 30. 30. 30. 30.
 30. 30. 30. 30. 30. 30. 30. 30. 30. 30. 30. 30. 30. 30. 30. 30. 30. 30.
 30. 30. 30. 30. 30.]"
[30],[15.99961188],[27],0.4,[28],0.2,30.0,0.0,0.0,0.078,"[30. 30. 30. 30. 30. 30. 30. 30. 30. 30. 30. 30. 30. 30. 30. 30. 30. 30.
 30. 30. 30. 30. 30. 30. 30. 30. 30. 30. 30. 30. 30. 30. 30. 30. 30. 30.
 30. 30. 30.]"
[30],[15.99961188],[27],0.4,[29],0.2,30.0,0.0,0.0,0.08,"[30. 30. 30. 30. 30. 30. 30. 30. 30. 30. 30. 30. 30. 30. 30. 30. 30. 30.
 30. 30. 30. 30. 30. 30. 30. 30. 30. 30. 30. 30. 30. 30. 30. 30. 30. 30.
 30. 30. 30. 30.]"
[30],[15.99961188],[27],0.4,[30],0.2,30.0,0.0,0.0,0.072,"[30. 30. 30. 30. 30. 30. 30. 30. 30. 30. 30. 30. 30. 30. 30. 30. 30. 30.
 30. 30. 30. 30. 30. 30. 30. 30. 30. 30. 30. 30. 30. 30. 30. 30. 30. 30.]"
[30],[15.99961188],[28],0.4,[10],0.2,30.0,0.0,0.0,0.082,"[30. 30. 30. 30. 30. 30. 30. 30. 30. 30. 30. 30. 30. 30. 30. 30. 30. 30.
 30. 30. 30. 30. 30. 30. 30. 30. 30. 30. 30. 30. 30. 30. 30. 30. 30. 30.
 30. 30. 30. 30. 30.]"
[30],[15.99961188],[28],0.4,[11],0.2,30.0,0.0,0.0,0.07,"[30. 30. 30. 30. 30. 30. 30. 30. 30. 30. 30. 30. 30. 30. 30. 30. 30. 30.
 30. 30. 30. 30. 30. 30. 30. 30. 30. 30. 30. 30. 30. 30. 30. 30. 30.]"
[30],[15.99961188],[28],0.4,[12],0.2,30.0,0.0,0.0,0.082,"[30. 30. 30. 30. 30. 30. 30. 30. 30. 30. 30. 30. 30. 30. 30. 30. 30. 30.
 30. 30. 30. 30. 30. 30. 30. 30. 30. 30. 30. 30. 30. 30. 30. 30. 30. 30.
 30. 30. 30. 30. 30.]"
[30],[15.99961188],[28],0.4,[13],0.2,30.0,0.0,0.0,0.086,"[30. 30. 30. 30. 30. 30. 30. 30. 30. 30. 30. 30. 30. 30. 30. 30. 30. 30.
 30. 30. 30. 30. 30. 30. 30. 30. 30. 30. 30. 30. 30. 30. 30. 30. 30. 30.
 30. 30. 30. 30. 30. 30. 30.]"
[30],[15.99961188],[28],0.4,[14],0.2,30.0,0.0,0.0,0.064,"[30. 30. 30. 30. 30. 30. 30. 30. 30. 30. 30. 30. 30. 30. 30. 30. 30. 30.
 30. 30. 30. 30. 30. 30. 30. 30. 30. 30. 30. 30. 30. 30.]"
[30],[15.99961188],[28],0.4,[15],0.2,30.0,0.0,0.0,0.078,"[30. 30. 30. 30. 30. 30. 30. 30. 30. 30. 30. 30. 30. 30. 30. 30. 30. 30.
 30. 30. 30. 30. 30. 30. 30. 30. 30. 30. 30. 30. 30. 30. 30. 30. 30. 30.
 30. 30. 30.]"
[30],[15.99961188],[28],0.4,[16],0.2,30.0,0.0,0.0,0.078,"[30. 30. 30. 30. 30. 30. 30. 30. 30. 30. 30. 30. 30. 30. 30. 30. 30. 30.
 30. 30. 30. 30. 30. 30. 30. 30. 30. 30. 30. 30. 30. 30. 30. 30. 30. 30.
 30. 30. 30.]"
[30],[15.99961188],[28],0.4,[17],0.2,30.0,0.0,0.0,0.062,"[30. 30. 30. 30. 30. 30. 30. 30. 30. 30. 30. 30. 30. 30. 30. 30. 30. 30.
 30. 30. 30. 30. 30. 30. 30. 30. 30. 30. 30. 30. 30.]"
[30],[15.99961188],[28],0.4,[18],0.2,30.0,0.0,0.0,0.082,"[30. 30. 30. 30. 30. 30. 30. 30. 30. 30. 30. 30. 30. 30. 30. 30. 30. 30.
 30. 30. 30. 30. 30. 30. 30. 30. 30. 30. 30. 30. 30. 30. 30. 30. 30. 30.
 30. 30. 30. 30. 30.]"
[30],[15.99961188],[28],0.4,[19],0.2,30.0,0.0,0.0,0.066,"[30. 30. 30. 30. 30. 30. 30. 30. 30. 30. 30. 30. 30. 30. 30. 30. 30. 30.
 30. 30. 30. 30. 30. 30. 30. 30. 30. 30. 30. 30. 30. 30. 30.]"
[30],[15.99961188],[28],0.4,[20],0.2,30.0,0.0,0.0,0.06,"[30. 30. 30. 30. 30. 30. 30. 30. 30. 30. 30. 30. 30. 30. 30. 30. 30. 30.
 30. 30. 30. 30. 30. 30. 30. 30. 30. 30. 30. 30.]"
[30],[15.99961188],[28],0.4,[21],0.2,30.0,0.0,0.0,0.092,"[30. 30. 30. 30. 30. 30. 30. 30. 30. 30. 30. 30. 30. 30. 30. 30. 30. 30.
 30. 30. 30. 30. 30. 30. 30. 30. 30. 30. 30. 30. 30. 30. 30. 30. 30. 30.
 30. 30. 30. 30. 30. 30. 30. 30. 30. 30.]"
[30],[15.99961188],[28],0.4,[22],0.2,30.0,0.0,0.0,0.078,"[30. 30. 30. 30. 30. 30. 30. 30. 30. 30. 30. 30. 30. 30. 30. 30. 30. 30.
 30. 30. 30. 30. 30. 30. 30. 30. 30. 30. 30. 30. 30. 30. 30. 30. 30. 30.
 30. 30. 30.]"
[30],[15.99961188],[28],0.4,[23],0.2,30.0,0.0,0.0,0.092,"[30. 30. 30. 30. 30. 30. 30. 30. 30. 30. 30. 30. 30. 30. 30. 30. 30. 30.
 30. 30. 30. 30. 30. 30. 30. 30. 30. 30. 30. 30. 30. 30. 30. 30. 30. 30.
 30. 30. 30. 30. 30. 30. 30. 30. 30. 30.]"
[30],[15.99961188],[28],0.4,[24],0.2,30.0,0.0,0.0,0.058,"[30. 30. 30. 30. 30. 30. 30. 30. 30. 30. 30. 30. 30. 30. 30. 30. 30. 30.
 30. 30. 30. 30. 30. 30. 30. 30. 30. 30. 30.]"
[30],[15.99961188],[28],0.4,[25],0.2,30.0,0.0,0.0,0.086,"[30. 30. 30. 30. 30. 30. 30. 30. 30. 30. 30. 30. 30. 30. 30. 30. 30. 30.
 30. 30. 30. 30. 30. 30. 30. 30. 30. 30. 30. 30. 30. 30. 30. 30. 30. 30.
 30. 30. 30. 30. 30. 30. 30.]"
[30],[15.99961188],[28],0.4,[26],0.2,30.0,0.0,0.0,0.072,"[30. 30. 30. 30. 30. 30. 30. 30. 30. 30. 30. 30. 30. 30. 30. 30. 30. 30.
 30. 30. 30. 30. 30. 30. 30. 30. 30. 30. 30. 30. 30. 30. 30. 30. 30. 30.]"
[30],[15.99961188],[28],0.4,[27],0.2,30.0,0.0,0.0,0.09,"[30. 30. 30. 30. 30. 30. 30. 30. 30. 30. 30. 30. 30. 30. 30. 30. 30. 30.
 30. 30. 30. 30. 30. 30. 30. 30. 30. 30. 30. 30. 30. 30. 30. 30. 30. 30.
 30. 30. 30. 30. 30. 30. 30. 30. 30.]"
[30],[15.99961188],[28],0.4,[28],0.2,30.0,0.0,0.0,0.086,"[30. 30. 30. 30. 30. 30. 30. 30. 30. 30. 30. 30. 30. 30. 30. 30. 30. 30.
 30. 30. 30. 30. 30. 30. 30. 30. 30. 30. 30. 30. 30. 30. 30. 30. 30. 30.
 30. 30. 30. 30. 30. 30. 30.]"
[30],[15.99961188],[28],0.4,[29],0.2,30.0,0.0,0.0,0.062,"[30. 30. 30. 30. 30. 30. 30. 30. 30. 30. 30. 30. 30. 30. 30. 30. 30. 30.
 30. 30. 30. 30. 30. 30. 30. 30. 30. 30. 30. 30. 30.]"
[30],[15.99961188],[28],0.4,[30],0.2,30.0,0.0,0.0,0.086,"[30. 30. 30. 30. 30. 30. 30. 30. 30. 30. 30. 30. 30. 30. 30. 30. 30. 30.
 30. 30. 30. 30. 30. 30. 30. 30. 30. 30. 30. 30. 30. 30. 30. 30. 30. 30.
 30. 30. 30. 30. 30. 30. 30.]"
[30],[15.99961188],[29],0.4,[10],0.2,30.0,0.0,0.0,0.086,"[30. 30. 30. 30. 30. 30. 30. 30. 30. 30. 30. 30. 30. 30. 30. 30. 30. 30.
 30. 30. 30. 30. 30. 30. 30. 30. 30. 30. 30. 30. 30. 30. 30. 30. 30. 30.
 30. 30. 30. 30. 30. 30. 30.]"
[30],[15.99961188],[29],0.4,[11],0.2,30.0,0.0,0.0,0.108,"[30. 30. 30. 30. 30. 30. 30. 30. 30. 30. 30. 30. 30. 30. 30. 30. 30. 30.
 30. 30. 30. 30. 30. 30. 30. 30. 30. 30. 30. 30. 30. 30. 30. 30. 30. 30.
 30. 30. 30. 30. 30. 30. 30. 30. 30. 30. 30. 30. 30. 30. 30. 30. 30. 30.]"
[30],[15.99961188],[29],0.4,[12],0.2,30.0,0.0,0.0,0.074,"[30. 30. 30. 30. 30. 30. 30. 30. 30. 30. 30. 30. 30. 30. 30. 30. 30. 30.
 30. 30. 30. 30. 30. 30. 30. 30. 30. 30. 30. 30. 30. 30. 30. 30. 30. 30.
 30.]"
[30],[15.99961188],[29],0.4,[13],0.2,30.0,0.0,0.0,0.088,"[30. 30. 30. 30. 30. 30. 30. 30. 30. 30. 30. 30. 30. 30. 30. 30. 30. 30.
 30. 30. 30. 30. 30. 30. 30. 30. 30. 30. 30. 30. 30. 30. 30. 30. 30. 30.
 30. 30. 30. 30. 30. 30. 30. 30.]"
[30],[15.99961188],[29],0.4,[14],0.2,30.0,0.0,0.0,0.068,"[30. 30. 30. 30. 30. 30. 30. 30. 30. 30. 30. 30. 30. 30. 30. 30. 30. 30.
 30. 30. 30. 30. 30. 30. 30. 30. 30. 30. 30. 30. 30. 30. 30. 30.]"
[30],[15.99961188],[29],0.4,[15],0.2,30.0,0.0,0.0,0.062,"[30. 30. 30. 30. 30. 30. 30. 30. 30. 30. 30. 30. 30. 30. 30. 30. 30. 30.
 30. 30. 30. 30. 30. 30. 30. 30. 30. 30. 30. 30. 30.]"
[30],[15.99961188],[29],0.4,[16],0.2,30.0,0.0,0.0,0.09,"[30. 30. 30. 30. 30. 30. 30. 30. 30. 30. 30. 30. 30. 30. 30. 30. 30. 30.
 30. 30. 30. 30. 30. 30. 30. 30. 30. 30. 30. 30. 30. 30. 30. 30. 30. 30.
 30. 30. 30. 30. 30. 30. 30. 30. 30.]"
[30],[15.99961188],[29],0.4,[17],0.2,30.0,0.0,0.0,0.062,"[30. 30. 30. 30. 30. 30. 30. 30. 30. 30. 30. 30. 30. 30. 30. 30. 30. 30.
 30. 30. 30. 30. 30. 30. 30. 30. 30. 30. 30. 30. 30.]"
[30],[15.99961188],[29],0.4,[18],0.2,30.0,0.0,0.0,0.044,"[30. 30. 30. 30. 30. 30. 30. 30. 30. 30. 30. 30. 30. 30. 30. 30. 30. 30.
 30. 30. 30. 30.]"
[30],[15.99961188],[29],0.4,[19],0.2,30.0,0.0,0.0,0.086,"[30. 30. 30. 30. 30. 30. 30. 30. 30. 30. 30. 30. 30. 30. 30. 30. 30. 30.
 30. 30. 30. 30. 30. 30. 30. 30. 30. 30. 30. 30. 30. 30. 30. 30. 30. 30.
 30. 30. 30. 30. 30. 30. 30.]"
[30],[15.99961188],[29],0.4,[20],0.2,30.0,0.0,0.0,0.094,"[30. 30. 30. 30. 30. 30. 30. 30. 30. 30. 30. 30. 30. 30. 30. 30. 30. 30.
 30. 30. 30. 30. 30. 30. 30. 30. 30. 30. 30. 30. 30. 30. 30. 30. 30. 30.
 30. 30. 30. 30. 30. 30. 30. 30. 30. 30. 30.]"
[30],[15.99961188],[29],0.4,[21],0.2,30.0,0.0,0.0,0.082,"[30. 30. 30. 30. 30. 30. 30. 30. 30. 30. 30. 30. 30. 30. 30. 30. 30. 30.
 30. 30. 30. 30. 30. 30. 30. 30. 30. 30. 30. 30. 30. 30. 30. 30. 30. 30.
 30. 30. 30. 30. 30.]"
[30],[15.99961188],[29],0.4,[22],0.2,30.0,0.0,0.0,0.084,"[30. 30. 30. 30. 30. 30. 30. 30. 30. 30. 30. 30. 30. 30. 30. 30. 30. 30.
 30. 30. 30. 30. 30. 30. 30. 30. 30. 30. 30. 30. 30. 30. 30. 30. 30. 30.
 30. 30. 30. 30. 30. 30.]"
[30],[15.99961188],[29],0.4,[23],0.2,30.0,0.0,0.0,0.084,"[30. 30. 30. 30. 30. 30. 30. 30. 30. 30. 30. 30. 30. 30. 30. 30. 30. 30.
 30. 30. 30. 30. 30. 30. 30. 30. 30. 30. 30. 30. 30. 30. 30. 30. 30. 30.
 30. 30. 30. 30. 30. 30.]"
[30],[15.99961188],[29],0.4,[24],0.2,30.0,0.0,0.0,0.058,"[30. 30. 30. 30. 30. 30. 30. 30. 30. 30. 30. 30. 30. 30. 30. 30. 30. 30.
 30. 30. 30. 30. 30. 30. 30. 30. 30. 30. 30.]"
[30],[15.99961188],[29],0.4,[25],0.2,30.0,0.0,0.0,0.07,"[30. 30. 30. 30. 30. 30. 30. 30. 30. 30. 30. 30. 30. 30. 30. 30. 30. 30.
 30. 30. 30. 30. 30. 30. 30. 30. 30. 30. 30. 30. 30. 30. 30. 30. 30.]"
[30],[15.99961188],[29],0.4,[26],0.2,30.0,0.0,0.0,0.076,"[30. 30. 30. 30. 30. 30. 30. 30. 30. 30. 30. 30. 30. 30. 30. 30. 30. 30.
 30. 30. 30. 30. 30. 30. 30. 30. 30. 30. 30. 30. 30. 30. 30. 30. 30. 30.
 30. 30.]"
[30],[15.99961188],[29],0.4,[27],0.2,30.0,0.0,0.0,0.054,"[30. 30. 30. 30. 30. 30. 30. 30. 30. 30. 30. 30. 30. 30. 30. 30. 30. 30.
 30. 30. 30. 30. 30. 30. 30. 30. 30.]"
[30],[15.99961188],[29],0.4,[28],0.2,30.0,0.0,0.0,0.112,"[30. 30. 30. 30. 30. 30. 30. 30. 30. 30. 30. 30. 30. 30. 30. 30. 30. 30.
 30. 30. 30. 30. 30. 30. 30. 30. 30. 30. 30. 30. 30. 30. 30. 30. 30. 30.
 30. 30. 30. 30. 30. 30. 30. 30. 30. 30. 30. 30. 30. 30. 30. 30. 30. 30.
 30. 30.]"
[30],[15.99961188],[29],0.4,[29],0.2,30.0,0.0,0.0,0.084,"[30. 30. 30. 30. 30. 30. 30. 30. 30. 30. 30. 30. 30. 30. 30. 30. 30. 30.
 30. 30. 30. 30. 30. 30. 30. 30. 30. 30. 30. 30. 30. 30. 30. 30. 30. 30.
 30. 30. 30. 30. 30. 30.]"
[30],[15.99961188],[29],0.4,[30],0.2,30.0,0.0,0.0,0.066,"[30. 30. 30. 30. 30. 30. 30. 30. 30. 30. 30. 30. 30. 30. 30. 30. 30. 30.
 30. 30. 30. 30. 30. 30. 30. 30. 30. 30. 30. 30. 30. 30. 30.]"
[30],[15.99961188],[30],0.4,[10],0.2,30.0,0.0,0.0,0.07,"[30. 30. 30. 30. 30. 30. 30. 30. 30. 30. 30. 30. 30. 30. 30. 30. 30. 30.
 30. 30. 30. 30. 30. 30. 30. 30. 30. 30. 30. 30. 30. 30. 30. 30. 30.]"
[30],[15.99961188],[30],0.4,[11],0.2,30.0,0.0,0.0,0.08,"[30. 30. 30. 30. 30. 30. 30. 30. 30. 30. 30. 30. 30. 30. 30. 30. 30. 30.
 30. 30. 30. 30. 30. 30. 30. 30. 30. 30. 30. 30. 30. 30. 30. 30. 30. 30.
 30. 30. 30. 30.]"
[30],[15.99961188],[30],0.4,[12],0.2,30.0,0.0,0.0,0.086,"[30. 30. 30. 30. 30. 30. 30. 30. 30. 30. 30. 30. 30. 30. 30. 30. 30. 30.
 30. 30. 30. 30. 30. 30. 30. 30. 30. 30. 30. 30. 30. 30. 30. 30. 30. 30.
 30. 30. 30. 30. 30. 30. 30.]"
[30],[15.99961188],[30],0.4,[13],0.2,30.0,0.0,0.0,0.06,"[30. 30. 30. 30. 30. 30. 30. 30. 30. 30. 30. 30. 30. 30. 30. 30. 30. 30.
 30. 30. 30. 30. 30. 30. 30. 30. 30. 30. 30. 30.]"
[30],[15.99961188],[30],0.4,[14],0.2,30.0,0.0,0.0,0.062,"[30. 30. 30. 30. 30. 30. 30. 30. 30. 30. 30. 30. 30. 30. 30. 30. 30. 30.
 30. 30. 30. 30. 30. 30. 30. 30. 30. 30. 30. 30. 30.]"
[30],[15.99961188],[30],0.4,[15],0.2,30.0,0.0,0.0,0.086,"[30. 30. 30. 30. 30. 30. 30. 30. 30. 30. 30. 30. 30. 30. 30. 30. 30. 30.
 30. 30. 30. 30. 30. 30. 30. 30. 30. 30. 30. 30. 30. 30. 30. 30. 30. 30.
 30. 30. 30. 30. 30. 30. 30.]"
[30],[15.99961188],[30],0.4,[16],0.2,30.0,0.0,0.0,0.068,"[30. 30. 30. 30. 30. 30. 30. 30. 30. 30. 30. 30. 30. 30. 30. 30. 30. 30.
 30. 30. 30. 30. 30. 30. 30. 30. 30. 30. 30. 30. 30. 30. 30. 30.]"
[30],[15.99961188],[30],0.4,[17],0.2,30.0,0.0,0.0,0.076,"[30. 30. 30. 30. 30. 30. 30. 30. 30. 30. 30. 30. 30. 30. 30. 30. 30. 30.
 30. 30. 30. 30. 30. 30. 30. 30. 30. 30. 30. 30. 30. 30. 30. 30. 30. 30.
 30. 30.]"
[30],[15.99961188],[30],0.4,[18],0.2,30.0,0.0,0.0,0.06,"[30. 30. 30. 30. 30. 30. 30. 30. 30. 30. 30. 30. 30. 30. 30. 30. 30. 30.
 30. 30. 30. 30. 30. 30. 30. 30. 30. 30. 30. 30.]"
[30],[15.99961188],[30],0.4,[19],0.2,30.0,0.0,0.0,0.056,"[30. 30. 30. 30. 30. 30. 30. 30. 30. 30. 30. 30. 30. 30. 30. 30. 30. 30.
 30. 30. 30. 30. 30. 30. 30. 30. 30. 30.]"
[30],[15.99961188],[30],0.4,[20],0.2,30.0,0.0,0.0,0.098,"[30. 30. 30. 30. 30. 30. 30. 30. 30. 30. 30. 30. 30. 30. 30. 30. 30. 30.
 30. 30. 30. 30. 30. 30. 30. 30. 30. 30. 30. 30. 30. 30. 30. 30. 30. 30.
 30. 30. 30. 30. 30. 30. 30. 30. 30. 30. 30. 30. 30.]"
[30],[15.99961188],[30],0.4,[21],0.2,30.0,0.0,0.0,0.078,"[30. 30. 30. 30. 30. 30. 30. 30. 30. 30. 30. 30. 30. 30. 30. 30. 30. 30.
 30. 30. 30. 30. 30. 30. 30. 30. 30. 30. 30. 30. 30. 30. 30. 30. 30. 30.
 30. 30. 30.]"
[30],[15.99961188],[30],0.4,[22],0.2,30.0,0.0,0.0,0.062,"[30. 30. 30. 30. 30. 30. 30. 30. 30. 30. 30. 30. 30. 30. 30. 30. 30. 30.
 30. 30. 30. 30. 30. 30. 30. 30. 30. 30. 30. 30. 30.]"
[30],[15.99961188],[30],0.4,[23],0.2,30.0,0.0,0.0,0.064,"[30. 30. 30. 30. 30. 30. 30. 30. 30. 30. 30. 30. 30. 30. 30. 30. 30. 30.
 30. 30. 30. 30. 30. 30. 30. 30. 30. 30. 30. 30. 30. 30.]"
[30],[15.99961188],[30],0.4,[24],0.2,30.0,0.0,0.0,0.074,"[30. 30. 30. 30. 30. 30. 30. 30. 30. 30. 30. 30. 30. 30. 30. 30. 30. 30.
 30. 30. 30. 30. 30. 30. 30. 30. 30. 30. 30. 30. 30. 30. 30. 30. 30. 30.
 30.]"
[30],[15.99961188],[30],0.4,[25],0.2,30.0,0.0,0.0,0.048,"[30. 30. 30. 30. 30. 30. 30. 30. 30. 30. 30. 30. 30. 30. 30. 30. 30. 30.
 30. 30. 30. 30. 30. 30.]"
[30],[15.99961188],[30],0.4,[26],0.2,30.0,0.0,0.0,0.086,"[30. 30. 30. 30. 30. 30. 30. 30. 30. 30. 30. 30. 30. 30. 30. 30. 30. 30.
 30. 30. 30. 30. 30. 30. 30. 30. 30. 30. 30. 30. 30. 30. 30. 30. 30. 30.
 30. 30. 30. 30. 30. 30. 30.]"
[30],[15.99961188],[30],0.4,[27],0.2,30.0,0.0,0.0,0.07,"[30. 30. 30. 30. 30. 30. 30. 30. 30. 30. 30. 30. 30. 30. 30. 30. 30. 30.
 30. 30. 30. 30. 30. 30. 30. 30. 30. 30. 30. 30. 30. 30. 30. 30. 30.]"
[30],[15.99961188],[30],0.4,[28],0.2,30.0,0.0,0.0,0.094,"[30. 30. 30. 30. 30. 30. 30. 30. 30. 30. 30. 30. 30. 30. 30. 30. 30. 30.
 30. 30. 30. 30. 30. 30. 30. 30. 30. 30. 30. 30. 30. 30. 30. 30. 30. 30.
 30. 30. 30. 30. 30. 30. 30. 30. 30. 30. 30.]"
[30],[15.99961188],[30],0.4,[29],0.2,30.0,0.0,0.0,0.082,"[30. 30. 30. 30. 30. 30. 30. 30. 30. 30. 30. 30. 30. 30. 30. 30. 30. 30.
 30. 30. 30. 30. 30. 30. 30. 30. 30. 30. 30. 30. 30. 30. 30. 30. 30. 30.
 30. 30. 30. 30. 30.]"
[30],[15.99961188],[30],0.4,[30],0.2,30.0,0.0,0.0,0.068,"[30. 30. 30. 30. 30. 30. 30. 30. 30. 30. 30. 30. 30. 30. 30. 30. 30. 30.
 30. 30. 30. 30. 30. 30. 30. 30. 30. 30. 30. 30. 30. 30. 30. 30.]"
